<?xml version="1.0" encoding="UTF-8"?>
<project-private xmlns="http://www.netbeans.org/ns/project-private/1">
    <editor-bookmarks xmlns="http://www.netbeans.org/ns/editor-bookmarks/2" lastBookmarkId="1">
        <file>
            <url>src/pk_formularios/Lista_Admin.java</url>
            <bookmark id="1">
                <name/>
                <line>117</line>
                <key/>
            </bookmark>
        </file>
    </editor-bookmarks>
    <open-files xmlns="http://www.netbeans.org/ns/projectui-open-files/2">
        <group>
            <file>file:/A:/Victoria/Documents/moanso/PROYECTO%20MOANSO%20T2/PROGRAMA/MADEM/src/pk_formularios/Lista_Admin.java</file>
            <file>file:/A:/Victoria/Documents/moanso/PROYECTO%20MOANSO%20T2/PROGRAMA/MADEM/src/pk_formularios/Login.java</file>
            <file>file:/A:/Victoria/Documents/moanso/PROYECTO%20MOANSO%20T2/PROGRAMA/MADEM/src/pk_formularios/Eliminar_Admin.java</file>
            <file>file:/A:/Victoria/Documents/moanso/PROYECTO%20MOANSO%20T2/PROGRAMA/MADEM/src/pk_formularios/Compras.java</file>
            <file>file:/A:/Victoria/Documents/moanso/PROYECTO%20MOANSO%20T2/PROGRAMA/MADEM/src/pk_formularios/Ingresar_Admin.java</file>
        </group>
    </open-files>
</project-private>
